<?xml version="1.0" encoding="UTF-8"?>
<beans xmlns="http://www.springframework.org/schema/beans"
       xmlns:xsi="http://www.w3.org/2001/XMLSchema-instance"
       xmlns:tx="http://www.optum.com/ocf/schema/tx"
       xmlns:aop="http://www.springframework.org/schema/aop"
       xsi:schemaLocation="http://www.springframework.org/schema/beans
       http://www.springframework.org/schema/beans/spring-beans-3.0.xsd
       http://www.optum.com/ocf/schema/tx
       http://www.optum.com/ocf/schema/tx/spring-tx.xsd
       http://www.springframework.org/schema/aop
       http://www.springframework.org/schema/aop/spring-aop.xsd">

    <aop:config>
        <aop:advisor pointcut-ref="businessLogicTxPC" advice-ref="defaultTransactionAdvice"/>
    </aop:config>

    <tx:advice id="defaultTransactionAdvice" transaction-manager="simpleTransactionManager">
        <tx:attributes>
            <!-- Do NOT add more methods to this list. Use standard method naming conventions above instead. -->
            <!-- If this list is updated, TransactionContextSpec needs to be updated also. -->
            <tx:method name="get*" propagation="SUPPORTS"/>
            <tx:method name="list*" propagation="SUPPORTS"/>
            <tx:method name="read*" propagation="SUPPORTS"/>
            <tx:method name="find*" propagation="SUPPORTS"/>
            <tx:method name="exists*" propagation="SUPPORTS"/>
            <tx:method name="is*" propagation="SUPPORTS"/>
            <tx:method name="has*" propagation="SUPPORTS"/>
            <tx:method name="does*" propagation="SUPPORTS"/>
            <tx:method name="stream*" propagation="SUPPORTS"/>
            <tx:method name="validate*" propagation="SUPPORTS"/>
            <tx:method name="preValidate*" propagation="SUPPORTS"/>
            <tx:method name="load*" propagation="SUPPORTS"/>
            <tx:method name="*WithNewTransaction" propagation="REQUIRES_NEW"/>
            <tx:method name="*NonTransactional" propagation="NOT_SUPPORTED"/>
            <tx:method name="*" propagation="REQUIRED"/>
        </tx:attributes>
    </tx:advice>

    <!--
        Pricing-App transaction config. This is relevant while pricing and core co-exist with two separate databases (and
        all the things that come with that - ie, datasource and transaction management).
    -->
    <aop:config>
        <aop:advisor pointcut-ref="businessLogicTxPC_Pric01" advice-ref="defaultTransactionAdvice_Pric01"/>
    </aop:config>

    <tx:advice id="defaultTransactionAdvice_Pric01" transaction-manager="simpleTransactionManagerPric01">
        <tx:attributes>
            <!-- Do NOT add more methods to this list. Use standard method naming conventions above instead. -->
            <!-- If this list is updated, TransactionContextSpec needs to be updated also. -->
            <tx:method name="get*" propagation="SUPPORTS"/>
            <tx:method name="list*" propagation="SUPPORTS"/>
            <tx:method name="read*" propagation="SUPPORTS"/>
            <tx:method name="find*" propagation="SUPPORTS"/>
            <tx:method name="exists*" propagation="SUPPORTS"/>
            <tx:method name="is*" propagation="SUPPORTS"/>
            <tx:method name="has*" propagation="SUPPORTS"/>
            <tx:method name="does*" propagation="SUPPORTS"/>
            <tx:method name="stream*" propagation="SUPPORTS"/>
            <tx:method name="validate*" propagation="SUPPORTS"/>
            <tx:method name="preValidate*" propagation="SUPPORTS"/>
            <tx:method name="load*" propagation="SUPPORTS"/>
            <tx:method name="*WithNewTransaction" propagation="REQUIRES_NEW"/>
            <tx:method name="*NonTransactional" propagation="NOT_SUPPORTED"/>
            <tx:method name="*" propagation="REQUIRED"/>
        </tx:attributes>
    </tx:advice>
</beans>
